-- Users
INSERT INTO users (id, username, email, role, status, full_name, position, security_option, totp_secret, password, created_at, updated_at)
VALUES ('01JAB9XED0GTXBSQDFVYAJ8WA1', 'tiendc', 'tiendc@gmail.com', 'admin', 'active', 'Tien DC', 'manager', 'password-only', NULL,
        'VanDSYUU/sHz1w== 3vTE3ZLtpeM23UGllSazQh88/I06G5VrNzHZtBbGjFQ=',
        '2025-10-01 00:00:00', '2025-10-01 00:00:00'),
       ('01JAB9XED0GTXBSQDFVYAJ8WA2', 'member1', 'member1@domain.name', 'member', 'active', 'Member 1', 'devops', 'password-only', NULL,
        'VanDSYUU/sHz1w== 3vTE3ZLtpeM23UGllSazQh88/I06G5VrNzHZtBbGjFQ=',
        '2025-10-01 00:00:00', '2025-10-01 00:00:00'),
       ('01JAB9XED0GTXBSQDFVYAJ8WA3', 'member2', 'member2@domain.name', 'member', 'active', 'Member 2', 'developer', 'password-only', NULL,
        'VanDSYUU/sHz1w== 3vTE3ZLtpeM23UGllSazQh88/I06G5VrNzHZtBbGjFQ=',
        '2025-10-01 00:00:00', '2025-10-01 00:00:00'),
       ('01JAB9XED0GTXBSQDFVYAJ8WA4', 'member3', 'member3@domain.name', 'member', 'active', 'Member 3', NULL, 'password-2fa', 'AAAAAAAAAAAAAAAAAAAA',
        'VanDSYUU/sHz1w== 3vTE3ZLtpeM23UGllSazQh88/I06G5VrNzHZtBbGjFQ=',
        '2025-10-01 00:00:00', '2025-10-01 00:00:00'),
       ('01JAB9XED0GTXBSQDFVYAJ8WA5', 'member4', 'member4@domain.name', 'member', 'pending', 'Member 4', NULL, 'password-2fa', NULL,
        'VanDSYUU/sHz1w== 3vTE3ZLtpeM23UGllSazQh88/I06G5VrNzHZtBbGjFQ=',
        '2025-10-01 00:00:00', '2025-10-01 00:00:00'),
       ('01JAB9XED0GTXBSQDFVYAJ8WA6', 'member5', 'member5@domain.name', 'member', 'pending', 'Member 5', NULL, 'password-2fa', NULL,
        'VanDSYUU/sHz1w== 3vTE3ZLtpeM23UGllSazQh88/I06G5VrNzHZtBbGjFQ=',
        '2025-10-01 00:00:00', '2025-10-01 00:00:00'),
       ('01JAB9XED0GTXBSQDFVYAJ8WA7', 'admin1', 'admin1@domain.name', 'admin', 'active', 'Admin 1', 'developer', 'password-only', NULL,
        'VanDSYUU/sHz1w== 3vTE3ZLtpeM23UGllSazQh88/I06G5VrNzHZtBbGjFQ=',
        '2025-10-01 00:00:00', '2025-10-01 00:00:00'),
       ('01JAB9XED0GTXBSQDFVYAJ8WA8', 'huudang', 'huudang911998@gmail.com', 'admin', 'active', 'Huu Dang', 'developer', 'password-only', NULL,
        'VanDSYUU/sHz1w== 3vTE3ZLtpeM23UGllSazQh88/I06G5VrNzHZtBbGjFQ=',
        '2025-10-01 00:00:00', '2025-10-01 00:00:00'),
       ('01JAB9XED0GTXBSQDFVYAJ8WA9', 'demo', 'demo@xxxxxx.yyyyyy', 'admin', 'active', 'Demo', 'developer', 'password-only', NULL,
        'VanDSYUU/sHz1w== 3vTE3ZLtpeM23UGllSazQh88/I06G5VrNzHZtBbGjFQ=',
        '2025-10-01 00:00:00', '2025-10-01 00:00:00')
ON CONFLICT DO NOTHING;

INSERT INTO projects (id, name, key, status, owner_id, created_at, updated_at)
VALUES ('01JAB9XED0GTXBSQDFVYAJ8WB1', 'Project A', 'project_a', 'active', '01JAB9XED0GTXBSQDFVYAJ8WA1',
        '2025-10-01 00:00:00', '2025-10-01 00:00:00'),
       ('01JAB9XED0GTXBSQDFVYAJ8WB2', 'Project B', 'project_b', 'active', '01JAB9XED0GTXBSQDFVYAJ8WA1',
        '2025-10-01 00:00:00', '2025-10-01 00:00:00'),
       ('01JAB9XED0GTXBSQDFVYAJ8WB3', 'Project C', 'project_c', 'disabled', '01JAB9XED0GTXBSQDFVYAJ8WA1',
        '2025-10-01 00:00:00', '2025-10-01 00:00:00')
ON CONFLICT DO NOTHING;

INSERT INTO project_tags (project_id, tag, display_order)
VALUES ('01JAB9XED0GTXBSQDFVYAJ8WB1', 'tag 1', 0),
       ('01JAB9XED0GTXBSQDFVYAJ8WB1', 'Tag 2', 1),
       ('01JAB9XED0GTXBSQDFVYAJ8WB2', 'Tag 3', 0),
       ('01JAB9XED0GTXBSQDFVYAJ8WB2', 'my tag', 1)
ON CONFLICT DO NOTHING;

INSERT INTO apps (id, name, key, local_key, status, project_id, env, created_at, updated_at)
VALUES ('01JAB9XED0GTXBSQDFVYAJ8WD1', 'Backend', 'project_a_backend', 'backend', 'active', '01JAB9XED0GTXBSQDFVYAJ8WB1',
        'development', '2025-10-01 00:00:00', '2025-10-01 00:00:00'),
       ('01JAB9XED0GTXBSQDFVYAJ8WD2', 'Frontend', 'project_a_frontend', 'frontend', 'active', '01JAB9XED0GTXBSQDFVYAJ8WB1',
        'development', '2025-10-01 00:00:00', '2025-10-01 00:00:00'),
       ('01JAB9XED0GTXBSQDFVYAJ8WD3', 'Postgres', 'project_a_db', 'db', 'active', '01JAB9XED0GTXBSQDFVYAJ8WB1',
        'production', '2025-10-01 00:00:00', '2025-10-01 00:00:00'),
       ('01JAB9XED0GTXBSQDFVYAJ8WD5', 'Backend', 'project_b_backend', 'backend', 'active', '01JAB9XED0GTXBSQDFVYAJ8WB2',
        'development', '2025-10-01 00:00:00', '2025-10-01 00:00:00'),
       ('01JAB9XED0GTXBSQDFVYAJ8WD6', 'Frontend', 'project_b_frontend', 'frontend', 'active', '01JAB9XED0GTXBSQDFVYAJ8WB2',
        'staging', '2025-10-01 00:00:00', '2025-10-01 00:00:00')
ON CONFLICT DO NOTHING;

INSERT INTO app_tags (app_id, tag, display_order)
VALUES ('01JAB9XED0GTXBSQDFVYAJ8WD1', 'tag 1', 0),
       ('01JAB9XED0GTXBSQDFVYAJ8WD1', 'Tag 2', 1),
       ('01JAB9XED0GTXBSQDFVYAJ8WD2', 'Tag 3', 0),
       ('01JAB9XED0GTXBSQDFVYAJ8WD2', 'my tag', 1)
ON CONFLICT DO NOTHING;

INSERT INTO acl_permissions (subj_type, subj_id, res_type, res_id, p_read, p_exec, p_write, p_del, created_at, updated_at)
VALUES ('user', '01JAB9XED0GTXBSQDFVYAJ8WA1', 'project', '01JAB9XED0GTXBSQDFVYAJ8WB1', true, true, true, true,
        '2025-10-01 00:00:00', '2025-10-01 00:00:00'),
       ('user', '01JAB9XED0GTXBSQDFVYAJ8WA2', 'project', '01JAB9XED0GTXBSQDFVYAJ8WB1', true, true, true, false,
        '2025-10-01 00:00:00', '2025-10-01 00:00:00'),
       ('user', '01JAB9XED0GTXBSQDFVYAJ8WA3', 'project', '01JAB9XED0GTXBSQDFVYAJ8WB1', true, true, false, false,
        '2025-10-01 00:00:00', '2025-10-01 00:00:00'),
       ('user', '01JAB9XED0GTXBSQDFVYAJ8WA4', 'project', '01JAB9XED0GTXBSQDFVYAJ8WB1', true, true, true, false,
        '2025-10-01 00:00:00', '2025-10-01 00:00:00'),
       ('user', '01JAB9XED0GTXBSQDFVYAJ8WA1', 'project', '01JAB9XED0GTXBSQDFVYAJ8WB2', true, true, true, true,
        '2025-10-01 00:00:00', '2025-10-01 00:00:00'),
       ('user', '01JAB9XED0GTXBSQDFVYAJ8WA2', 'project', '01JAB9XED0GTXBSQDFVYAJ8WB1', true, true, true, true,
        '2025-10-01 00:00:00', '2025-10-01 00:00:00'),
       ('user', '01JAB9XED0GTXBSQDFVYAJ8WA2', 'project', '01JAB9XED0GTXBSQDFVYAJ8WB2', true, true, true, false,
        '2025-10-01 00:00:00', '2025-10-01 00:00:00'),
       ('user', '01JAB9XED0GTXBSQDFVYAJ8WA1', 'app', '01JAB9XED0GTXBSQDFVYAJ8WD1', true, true, true, true,
        '2025-10-01 00:00:00', '2025-10-01 00:00:00'),
       ('user', '01JAB9XED0GTXBSQDFVYAJ8WA2', 'app', '01JAB9XED0GTXBSQDFVYAJ8WD1', false, true, false, false,
        '2025-10-01 00:00:00', '2025-10-01 00:00:00'),
       ('user', '01JAB9XED0GTXBSQDFVYAJ8WA2', 'module', 'mod::user', true, true, true, false,
        '2025-10-01 00:00:00', '2025-10-01 00:00:00'),
       ('user', '01JAB9XED0GTXBSQDFVYAJ8WA2', 'module', 'mod::project', true, true, true, true,
        '2025-10-01 00:00:00', '2025-10-01 00:00:00'),
       ('user', '01JAB9XED0GTXBSQDFVYAJ8WA2', 'module', 'mod::settings', true, true, true, true,
        '2025-10-01 00:00:00', '2025-10-01 00:00:00'),
       ('user', '01JAB9XED0GTXBSQDFVYAJ8WA2', 'module', 'mod::provider', true, true, true, true,
        '2025-10-01 00:00:00', '2025-10-01 00:00:00'),
       ('user', '01JAB9XED0GTXBSQDFVYAJ8WA2', 'module', 'mod::cluster', true, true, true, true,
        '2025-10-01 00:00:00', '2025-10-01 00:00:00')
ON CONFLICT DO NOTHING;

-- Settings: Providers
INSERT INTO settings (id, scope, object_id, type, kind, name, status, avail_in_projects, is_default, data, created_at, updated_at)
VALUES ('01JAB9XED0GTXBSQDFVYAJ8WE1', '', NULL, 'oauth', 'github', 'Github', 'active', true, true,
        '{"org": "hivepaas-test", "clientId": "Ov23lirztQpWxZTKNcTQ", "clientSecret": "hpsalt:i+NlaPQDkZ5LZQ== ITUM2K0dxQTb5D0DvCeEiHlO1vWzL5807TPfKH0E/37TBOoowSgogEYIp7leyYL7QGEfPDpM2cxb3+8fnlAeU6qlNQc="}',
        '2025-10-01 00:00:00', '2025-10-01 00:00:00'),
       ('01JAB9XED0GTXBSQDFVYAJ8WE2', '', NULL, 'oauth', 'gitlab', 'Gitlab', 'active', true, true,
        '{"org": "hivepaas-test", "scopes": ["read_user", "openid", "profile", "email"], "clientId": "e675caa20a165c7ede6430bffcab512300d45bf0a9dd2da2acd122eb01995b69", "clientSecret": "hpsalt:exjDAd0nCxKxIw== erFzdQnYN1YEO6x8SnLcKxABt98TDSwfnfoYEhXfFR1dBhXt8CO9WAJHM8Yif+ANIZ+8ujvK+A/XFcYmDrDnuMGeCq1CUeralkf5KKklZgSWBL4ovmDhwMC2HMjMYFZBUA4="}',
        '2025-10-01 00:00:00', '2025-10-01 00:00:00'),
       ('01JAB9XED0GTXBSQDFVYAJ8WE3', '', NULL, 'oauth', 'gitlab', 'Our Gitlab', 'active', true, true,
        '{"org": "hivepaas-test", "scopes": ["read_user", "openid", "profile", "email"], "authURL": "https://gitlab.com/oauth/authorize", "clientId": "7e838ca826d84ebacaa778ad95ba97e13193480f729b367c098b37145eea1970", "tokenURL": "https://gitlab.com/oauth/token", "profileURL": "https://gitlab.com/api/v3/user", "clientSecret": "hpsalt:ghfPLkgStszb1Q== i/sa+hSF89q+UI+w6BF9FBc0HU1+X4KWrrU9qqN0h2uZITxElaXW2SJvyQvI4LsoRRvRduecEHC/Us2do6AFyhTFc3i0wmhPd1/FFDL0FzTQW66z8m+/KRjz8K0lPvxCHJY="}',
        '2025-10-01 00:00:00', '2025-10-01 00:00:00'),
       ('01JAB9XED0GTXBSQDFVYAJ8WE4', '', NULL, 'oauth', 'gitea', 'Gitea', 'active', true, true,
        '{"org": "hivepaas-test", "clientId": "59140514-9f0f-4198-b13a-f5a958d0d024", "clientSecret": "hpsalt:8QaqYOW1kPxoFA== jYU8xNyQCTacGB+cNmEUKYeM6WFkbEYizYFEAcf8x90quocKHuOW2Hif1WWDhZcR15B71YuUpjJSUjx0juNL48EYmosDhd0Im9qeIUqF/xeIESgP"}',
        '2025-10-01 00:00:00', '2025-10-01 00:00:00'),
       ('01JAB9XED0GTXBSQDFVYAJ8WE5', '', NULL, 'oauth', 'google', 'Google', 'active', true, true,
        '{"org": "hivepaas-test", "clientId": "405460302846-8sk3j75rd5jonn9jfheis9coatkdn4jh.apps.googleusercontent.com", "clientSecret": "hpsalt:Y5ZYgPBmj1dfgw== DPKqVXvFlKC0DCkBRkzK3rWd4W8HTaIMJxLJKjriXtwKMTRVmxPd6fmHN1gBP8K3T7gIc0zvTuFohl3hYVgI"}',
        '2025-10-01 00:00:00', '2025-10-01 00:00:00'),
       ('01JAB9XED0GTXBSQDFVYAJ8WF1', '', NULL, 'ssh-key', NULL, 'ssh-key srv 2', 'active', true, true,
            '{"keyType": "ed25519", "publicKey": "ssh-ed25519 AAAAC3NzaC1lZDI1NTE5AAAAID3YrLfQ+ymYz/CA/4uDjAu69/y9QfhO2A+HU5xbThTZ\n","privateKey": "hpsalt://lqYhfJZJeDkw== aQ5y22pKoA5qO6E55g9+H31JmXsNTOWp0+cPBhBK07ToQCW1Ulcd5EOCWEwNbKKSuTS3HINLN27+d8hgBkmMduXqvclYXX30nhLoeo4XxPawI07Xomn7HKE/y62GDxvwwcZlNb/GGgf4uhZnvmfbbH8ig1xyuPwAZ0Dt0BQBOJFct7P+s2J2h66BIfOK6l0m5hb008/QbxYhrEdtqw3qncfKhoNdn7vZwtHeUs4QK5mEaOePf8i/eWfIfkRz+SPJszbBP7WSAz7ESkuP5NPz2Ocwsxbs1vsyeqx3Lgcp4aOuZro+hr33SvxF4lbm6SgItDzKdGJTjB4tdBxTXrwPqdD1VOIa+3tCWpkMdS2qBEJVK5QEnTOs3FaZaZrwZF4o8J5n5hu8wfeDMXwwKT2+UDPlq1Cczs0dspsGHnvPN44JNsd3qJjXRGTloHw7ECg+aGnZEdJmCaET+wdZ2fP35zX48mDxNupFvO2jChPnuw1hBpkKvZun1lyA59YCuCGagHNt93DPmOT8tpJiU3RUAYrhjaTRta73uovAihsPBJdiuOSX7ysziAXeAnCR02/7MxzEqcby"}',
        '2025-10-01 00:00:00', '2025-10-01 00:00:00'),
       ('01JAB9XED0GTXBSQDFVYAJ8WF2', '', NULL, 'ssh-key', NULL, 'ssh-key srv 2 with passphrase', 'active', true, true,
        '{"publicKey": "ssh-ed25519 AAAAC3NzaC1lZDI1NTE5AAAAIOnbkxArUL1VkYZvnXrkD+atP2/JKfKtgMNJY2d2JfqK\n", "passphrase": "hpsalt:lZ+h4XqGJQxOiA== fHNNfHDgVUjOmkKqdURnXsU5phBPr2scF+4a4DGpoADD6Q==", "privateKey": "hpsalt:1w9C45JifVed8Q== CPUT0A5p9Gp26ze/s6bWwvoMY3y8w12on0VyckFg1PGquAsnnKD+Kmzb4boybyYonDZPYLYzeL6+npbk28sgO/lCFmT5GXK+JjOR2KFGM6BguR9NyPAO1xPIWwyzOj3+OZ2hFAfkp77gwaIcoW6h17v1RbRJw/iwNVCXHs612SiF9SnitKJepLfRE4ocy6wa1GdsWEMtbi75LHtrxplEQwtvEHScwOYx9c34WmTylPMiil81LuI+mJH2a5mbXri8tQ/bJjc5FXKACL23Q8U5tm6DWPJQN2xLwZ9TFHSXty59j061odw0yPvPMiVHtmlEIiA21ZiBTku59iImCqIGDH7MykpHx8vYNE/cXT7ZDT2UVVe7J9EULUu0yWBJTfYub8Kf8OJb79jkvr2RRlwKB4aP5ERsQjtDzfbVg38TtQuXrGZ5gSmnldtrVWI7X60j9FVrSOTojjVbiP5p/Wl9jMs7Vczn1vDAo3IZ2UEvv7VGUfqI6f5d3COAzH9aY1osajPlxG5zuJU6+TFCiYLd4hMvOI2rWfEYF0jgWQcN5VKmPTKHJCZ0EZqqW9A3kHMNMD0AMIP3qlefgqY9eM4Nxdfow3AqhplMrVa7SwMx+mpIqNPZQSQeA+68mn2Xv1U9dF6xueeeVjTzuLs="}',
        '2025-10-01 00:00:00', '2025-10-01 00:00:00'),
       ('01JAB9XED0GTXBSQDFVYAJ8WG1', '', NULL, 'registry-auth', 'docker.io', 'docker.io 1', 'active', true, true,
        '{"address": "docker.io", "password": "hpsalt:7rJsK4//cIqCKw== SxnfW00e9UueetjGT0dpuC9pUqqWR3fEiX1w+YZAo6N4E9+bNp3itGnvWR5tyblz1lJwjWAXnleyXiqtk4Rxsw==", "username": "hivepaastest"}',
        '2025-10-01 00:00:00', '2025-10-01 00:00:00'),
       ('01JAB9XED0GTXBSQDFVYAJ8WG2', '', NULL, 'registry-auth', 'docker.io', 'docker.io ro', 'active', true, true,
        '{"address": "docker.io", "password": "hpsalt:xpbKUbDCp7mDbQ== zzzou62KRIRxm5mfg4FFWivJGaVH19FhuglZa2bfOAhM7UDsxfCx2Z4HnRJUOqSPv3Nc/AEb9iCzrFzvd5sFNA==", "username": "hivepaastest"}',
        '2025-10-01 00:00:00', '2025-10-01 00:00:00'),
       ('01JAB9XED0GTXBSQDFVYAJ8WH1', '', NULL, 'im-service', 'slack', 'slack 1', 'active', true, true,
        '{"slack": {"webhook": "hpsalt:DZo0n5FM9NmYuA== fWmMb9cLMAjgsYuaH4CJTeA74SDvHXko7EPNv1LCv5o9XSmhRdi88PKb3GYPipq7pk/GErXEX9OIc5oaJ3K4GZXQk9dTAo6wqhiSke8Db3LvP/iNdnieWaZEyOIyGTSOjMLSSRsqXTlCmcTFfQ=="}}',
        '2025-10-01 00:00:00', '2025-10-01 00:00:00'),
       ('01JAB9XED0GTXBSQDFVYAJ8WI1', '', NULL, 'im-service', 'discord', 'discord 1', 'active', true, true,
        '{"discord": {"webhook": "hpsalt:Kbdv16CTSIEPug== SwC3ghbKUQ7Lbq87+rQFH0JHUuM6/g6ZpiiSfxF1Q/R9RxLS7AbnqFOe486Y2LtP38T9ePG5Vjw7ieqLKAVq+2kkiVDSjMejOqe872a2Op3EPM4Idl73+0XJDLN+2MkzEbMHsnqlTpr9ddskzUdhPXdV8hTPKgJ5gFgX73ffv2r8B74bVqDZrhqxoqKsbg4Ft4Rm9XU="}}',
        '2025-10-01 00:00:00', '2025-10-01 00:00:00'),
       ('01JAB9XED0GTXBSQDFVYAJ8WI3', '', NULL, 'im-service', 'telegram', 'telegram 1', 'active', true, true,
        '{"telegram": {"botToken": "hpsalt:PYT6HCEWVpJ6Mg== R6KftAh5wp5K2YcYId2Xlnssk+qtrLsDAWhoUl0h7GlGdDgvi/lShtqFDll09PRxZoFCdkZRx9pIJaSV4UkKKfgSEgd+3K+VsvY=", "chatId": "7121222235"}}',
        '2025-10-01 00:00:00', '2025-10-01 00:00:00'),
       ('01JAB9XED0GTXBSQDFVYAJ8WJ1', '', NULL, 'github-app', 'github-app', 'hivepaas-test donotdelete', 'active', true, true,
        '{"org": "hivepaas-test","appId": 4209416,"clientId": "Iv23li6eeRKXCLjduJvI","privateKey": "hpsalt:T9dUmyO6luwyHw== 36KprmSC7urWoRZNAF5+qJmm0XFqiVCr1GaC93g6CmKTr/brcG7tJcrtuILn0wlIb6I71I/wTbAQ/xEj14Xh7r42UX71Y1FznKOcz7tMczvM0CYpQN5jv8xTgk/csuFGKR1WnihJWQTW+iOpFiFYUI5Szo3pyqo5galEqb6t75qInmilHtIL4b4TdkryfVacKd4j/WLrWWx3hZ6ULNhHOZs4eLU3A+ULLF+YSvUyx925kH37D6/zLOVivIkbrtkGpCL4Tel9RROFRw6dkmELKlhEEtCoawYKYsFexNEDRuohMRdBG9Ft6AgfnBTfFz1PyCyBp/1fgLdAx84grt4p2abCXHDsP3OWY6AliGRM2qfll9rY6D56L5eU0DjLa1w+J3zwF46fkTCCLMk+EN8JkrdRtWkWzxfDEhHcZ8OtI9o99f/S45/dc9xrsTRkYKBSpm78sjSLBgu5+Amcsh8SHit2kkfkGh/kaD1YYwh0FX/6dEBzIa5KLYydiG29WTPLXOB+ELy/vOQaiFHIm1sXT+hasmhUcwibwrC1S8iud3QeCNzoEAdEjB3w5OQvHKTaeTpHYau37AmBWEbkgB8fpQT5wYN/DsBl1WORsXnEUDPhUyZ+u+bSX1KL60JVHoZ6jpNqdbCU4Z5+bV18ClXywF2WPGqiOLj1lcSaMzvbr05pIKl/4GQ+G4spi0sOROg+Mnl95rI0zIDK1ykg482D8QxIg3NI0Wh36CWhA7kUxh8EDMWMpRRHLAGrFzABr01e4h3HJ6t7mE6JcXB77nFn0GqbjzFktnxkCAIUtSTSermiKz/5PLHl+ZQyYLruwUL+ZKXJ8BIwJrMBT8P3hHi7yorMP2pI/NEe+vPVAi6tw6chqKfipFQgzg5FA6JXKZ2YPHZTlXswM7aEmiEKr6A15ZZaCnL/CblCRwSkwyk0nMXKhoXTB4eAYp908d/tirmBWUro/HgkP6iBdK2rU/NyOFtPgQdoho1pWrJfvtgNq54pcgxnDb5lszC+O3sxxuQ+F33A1bKr7Jxb9rl/DfO0aRITFqBMUE9ZFkGf38+ccAZUW9+yez95iqY/oUwSVAX/SjZDxOcFwLn+2PoRxkefxBW2Rpz+gHYdaT3sDtDsmgSlRmMkQpZE9GqQDBzHVDWKS/9gB21VnDWlUUdeUPhh/jNtTIqH9QZB1KqM0mwk5nXwwQZZWoIETUHENGTQVjsR9ANSBDxEeGD8TI8qxZul7fq/cu3UyJ8c3PEu6ZSVv11sXKzrt/4gCIvldNG7ypJ/ECsRnIcqGeKi5UD9X2tFoGrSoecdyhhg0XZaY48qweBIWQkoL9YRPWVVE7Vd7Qd7ZIvJiGX1IfS/TbcoByvVBA4DjjviAj8/i0CaWCr/3fD+z/shVhdauGcseTCh61Pr+pI0F5wm2GGepIUqJdlrjPLcZBf2yMO7JYtpq78/bYbgpzkn6gczdDHOaKCDF7A0gzHF0eVRoNjn02F6DhfFx5QX2AoQl9fSUHfmY/4bUIJDSW3j68gLcFLQ0SSiYavAo4cJJmV8y6AH6uwSu4EHEv20sjAt4ZvH/fa31G6L0HYIJBIK701Icy1Ymhfl8H6Wi+oTWvJUbKg36/VmTYO3jVWb9G5JE/lHBy9WqV6RD3hMmheJloP+gcEX2NzDjRKOsKUFtA9r/btrZd94ywEy/U8z+5wKfXLM3SYQE8znSDVEY23l77IugvC4C1o7esbDRO/x5PgHi0fbSEugKi1/YtNIyAJISmGHlPYsIg9xY+bAHmYpO8y82Sb4KujXwwlyr35C/3Ue0helcue4sNocGESLv+4ILaAp1idxYZE7FOi5uhkIYlB+dOrWbpwzrxDOhEZXou3Fs3GnAbyDMDwgttlf2z1DJyxQIQ2ysL2F0YDZaycTA0yIH3vrcL9o/ufDLemIUwf6bfuTGlAFplaBE0/+nt1rYNPX3WabPZck28Zm0+ja1mfJWhuMZj2c114QI2HgTQPCEwFF4zJPDLRwUxk0xs662BIzf07OnK/Dd1sSl/gndAZQk0qBKoZT/xHLilhim5KuX4MdvAwwwbPQV1xkOh+BQklmVFDP7ZtO7oFRbg4WMjPTExRglcSO7OuULqbCfdwZt3t+lixx8Xz+OSLaj0yQ3B6XauF/qu8lX9TAvnDjbnru4ArKBdLiRl6/d0f1zFNyf4n5/axWVFTR64EAAA7Q29hRGReRS7GCA5lqpEegzK3WWSQ3n6BUsTXa70gmirgUzp32CZvCNlmXYj8JhXw4rb96pmHB","ssoEnabled": true,"webhookURL": "https://app.dev.hivepaas.com/_/webhooks/01JAB9XED0GTXBSQDFVYAJ8WJ1","clientSecret": "hpsalt:YScfMI0sD1xztw== xp0OabLKPp7icId7uYOGY/YcjTDUBMcTOf1Cot0tSL4ov4T39ku3yOzv2Hh5WTenuI2hDbzCH0/EhU2EJdRIc5/ZuTc=","webhookSecret": "abc123","installationId": 144212433}',
        '2025-10-01 00:00:00', '2025-10-01 00:00:00'),
       ('01JAB9XED0GTXBSQDFVYAJ8WK1', '', NULL, 'access-token', 'github', 'github token hivepaas-test', 'active', true, true,
        '{"user": "tiendc", "token": "hpsalt:Plu+yhxw1HbmNA== rBEZCum9OdYsraYteP+Q3Y7aHrnZIxWjb88oYWMJ+CQuLfmHNCcPJtACeXXeq0r2MSqf8jD9D/esezjy6HwS61jfFpTHG1ph0tAzMeYc4U7I7WsjJsko8UbCWPtbEjKUXUZNkjw7nWJ+oxfr8j2TLLuUg+kcdM9Ghg=="}',
        '2025-10-01 00:00:00', '2025-10-01 00:00:00'),
       ('01JAB9XED0GTXBSQDFVYAJ8WK2', '', NULL, 'access-token', 'gitlab', 'gitlab token hivepaas-test', 'active', true, true,
        '{"user": "tiendc","token": "hpsalt:FIaS/tFJrXUKkA== p6h1NKwNQzElqFxwWPSv1o3rBppep6LScI3LLrs5huAhiY9QL5TmMnUV+F1CGxwAd9iNwdb5FlWBMFveJ+aAymhc5cgIvls6oQYzCS0Yjw16kNWIcW7dyC0K","baseURL": ""}',
        '2025-10-01 00:00:00', '2025-10-01 00:00:00'),
       ('01JAB9XED0GTXBSQDFVYAJ8WK3', '', NULL, 'access-token', 'gitlab', 'gitlab custom token hivepaas-test', 'active', true, true,
        '{"user": "tiendc","token": "hpsalt:+LRi09NZ75yhGQ== TlFRSuklCDnc/B5PRLd0Ax8u1l0brqX5QlH/+IBGm0EX/HnrGbZO5T3q9pSBY7I/hukj0lE8bFFgyEF9nt7N7fbFov8K3C7a7cFEMsC60HiedAOAO6D8eWNh","baseURL": "https://gitlab.com/api/v4"}',
        '2025-10-01 00:00:00', '2025-10-01 00:00:00'),
       ('01JAB9XED0GTXBSQDFVYAJ8WK4', '', NULL, 'access-token', 'gitea', 'gitea token hivepaas-test', 'active', true, true,
        '{"user": "tiendc@gmail.com", "token": "hpsalt:imZmdA1GHv77AA== gK1nKnK+7E/CaObR5nXG6aONKzuEGNxku1TBHZhCoEv3yXdNriDrXYB5YtibvFhhiWjcYeXgevWnErmHVbs7evhFm8c=", "baseURL": "https://gitea.com"}',
        '2025-10-01 00:00:00', '2025-10-01 00:00:00'),
       ('01JAB9XED0GTXBSQDFVYAJ8WL1', '', NULL, 'basic-auth', '', 'basic auth 1', 'active', true, true,
        '{"username": "admin", "password": "hpsalt:DGXrPb7G9lJ8LQ== 4xqN58+MerC2JDkrCvUGVamF+JhzuRo30bRWuVXltNW/Xg=="}',
        '2025-10-01 00:00:00', '2025-10-01 00:00:00'),
       ('01JAB9XED0GTXBSQDFVYAJ8WL2', '', NULL, 'basic-auth', '', 'basic auth 2', 'active', true, true,
        '{"username": "admin", "password": "hpsalt:xDd5Ce/pyGR8JA== 0emZ9l7PhuKom1qS5vmBKx2TNiqhbbEhqgBe7VDTzAGAGrT/"}',
        '2025-10-01 00:00:00', '2025-10-01 00:00:00'),
       ('01JAB9XED0GTXBSQDFVYAJ8WM1', '', NULL, 'ssl-cert', 'letsencrypt', '*.localhost', 'active', true, true,
        '{"email": "tiendc.lp@gmail.com", "keyType": "rsa-2048", "certType": "letsencrypt", "privateKey": "hpsalt:535nUJilSSe3Rg== d6To507CJl41x14fG/Z/HIlLIL8WF6vt3ocCuGACbp6o0PpAndwUZ2dPGYMnnzKzvfT2bVaS2WUjOSxBfm0zDORaC2dxAKw4MqpTwiCY+J/nT/cQuUw8wKc+e6kOB4y0qZ61pWCiGP/5dC0Bu8OOXnsADHbfJeD1mx4xIh3prIK/IkAqF+PDd7WN/MAo5JOVrgPKE8+9wrSAeeK6ZvnlvFLvcZPjAAYkJL3NRv6bE6AJ4CEDN2lhJtU+U+4iPAc2+SwW69R97mGJk7fmitEvARikhEyCpZ6/8SbqIdmP9+2bgEPxSg/Lg0uQhcN4COhwQri00/8aaf6gt/TOggzpIdG5esvYgnb/DZXqjcQFLyauITdq7K+G19+m64Bi53/uXHAr0l3uUDHZ8OQQZLLmGQmx3mAJuxAt11EwkHnTr5P3R7Evm5B1tZTbM4C3LbPGVQbzrUmuFAKSNE6CxYB5LQC9jMR3hSpbjnopkNPz9L2xBIzkoAX4TV9zCBIFh+RSwefnbKhBzfONJ3osuAgTgxxjqwuaJjPT3LkCi3j378cWlOKB6/sDQjXnGM9u4ml3JsEv5zCV1efGWDPYjOtWl92y0qjuLLnhzgGD0wIor6iTXO4kQyCOGzI6vobB7v8ud7+QDPpuZhz029QywaHV8KuNn5QkZJVyI3L8LaD/UPeiR8q0MKB+Q3YvwIqI2K9O27BuYicHHfWa0O/Najh/8Tcrl5wIYzdGXDORP0Hn6UtZHd9SjPr1P1dEcONKL1V+AF//x58EWaS/7zZ+z1C2xgre9SLWwfmyRN3xo1DYw9d6cchuffpV0UKWYL6lSm8aOzJKkEOrgGIxoKiyYbLK15VWdtU/kHkwM/m6IZF7yEWmTe50Sgl8k5MccPah0Fg9chuY8vS2cLkFQ5FiRm1gct5JJiFk1NjB2GKRDHiIkKh8YAqJQ9KmzBTVQtWZluT2OWANI3l0QjtfBaebeQEwYLNTi1+TCeKZE3P8iL+/bAG4eHIQKhxqa8C2NPOTj5yWUQA7dUNGEjpYXPaBUpUMGHE0/TfzCFk2bgjUKtHoTEyhYUj6WKd5inLuClLcY9W24GptjYLfc+ZgVKZCI9+Dnyj1UwHLlTEuNEH+3bn/Yxhoaf5tBoJUk4ek3wT9atPxgpDOwMNPaEbTrB5QVKq9LVgUvUNEamWXZAvD3hgpf88gH4dod8BErz7/pM8a4ZZSEecnCl5g+P/UGkAlJZK8ZxPpGCrdGwdzaByeqaMQ5m+SfDZUyzWU5x10FgcvqBqmimm82HAeTxxCGUtBIZxWDhE8dtLcpE+vLwadGxnb7tBgWtN03F+L23Q2vcoeJTZzn7Kyuo7GiLI/Kbi53FkdZMjBpTLK3RwvxYwUkfuoa/FcJ41JT9ndFtWBprs0/QmiejnnqD3MKrh1aCdkPDlhqUiuKN/Z/gQqCm5r/yYeX91zJegZlNaQvJPM390qDJKtDkqBAAqHZKGa8U3q3KX2ZNvninaLb3edtMbL4y6djbdbjYkc5QwjdXmqHIReAo11SSv1f6by0cNgciO/HeEMck+ZvTjQySDdLbdKClKDTLIiPGxDF3N+EER4QZYYStZops1cG+86YKX+ZrmP2qJ4zrJxypviTP9tlsMXmgAys1/pGF8ekjHya1Ahi7TsNu/ldahgLMrqtNYc3qQSFekuzVhxIMcaNTA1vwjCxa8azO0/FCbCeoMUN5CC7kJNnBHI07AQeFkGjb0G4Wp7fS0yUO9URG1BTPEW56EJcdKSfDA5LRZSHbPvHqHRYf1JkRcKTIKlKBpx2oFu2tbaDq0kvfAkjqWT8SgCzb48s4cYbRUub5u3jlKF15u/yrL+NYEMm3fhlji0yHd0sWndJwU4O9r7Y9JDbcAVEtnxDYBXfv2Xsr1knRFMxslBlywQrMjuair8BR01HWW0SAhodaw97RN6LSupdCQnNwdE4rZTld/UHG1mxk3dlW28T4WAMWbORT40dQvDzXG7bUD0lvvERDJD7AgnyiT9QKd1J58UJkMmcPZ+h8IIAbZuiJYHPSYQqYtkAc+HJ8CxLzInchKVXp3OftqrWgaV2j/KqRrfFSESySbTOKaZ3pzm6oO+RmT4pniu6HAzQwTFwiigOQshY8UJ6dmBcVQvnIVLUQivziaaQVmgTw1aGTHIVTw8XuaUe8Rk1yFFXDAQl5oNoGNojkOQGWJzF5iA7XDx2jp01Bkwsu18ZkC0H/9SoGYYTQPhR9+pBD3hV7UCgp94PXOjn7DpGFyXANLYC5TpeWN7gqqHaETsRG0zwdsr9GOTmNcL0PQR", "certificate": "-----BEGIN CERTIFICATE-----\nMIIDGTCCAgGgAwIBAgIUexjQXi2OTGSlYkmqu7oZTXut0uIwDQYJKoZIhvcNAQEL\nBQAwHDEaMBgGA1UEAwwRKi5zd2FybS5sb2NhbGhvc3QwHhcNMjUxMjA1MjA1OTE0\nWhcNMjYxMjA1MjA1OTE0WjAcMRowGAYDVQQDDBEqLnN3YXJtLmxvY2FsaG9zdDCC\nASIwDQYJKoZIhvcNAQEBBQADggEPADCCAQoCggEBAL44m+yT59wtSW52XzfM2eQ9\nQCB2smruHLCZMf3Ok7XwsiVjul68acIC4E/BN+Tx8rVeZMcfdS9DcZ3eW5KH6KRe\neHoVhhyN518HtowK2UcT0o23PV+P5HjvFO+hPymK6vlfrtmeDb0AxIY7M2t8+8yG\n37O/cuaO0Cc2Xnp/Zbx692QPOGdTS8bOeWOuSw+TETEBenTgQHY+PPl8Nza8w7Ou\nbNr42wRoxa/+bR3VfcTmXrHPvU28bScXirFIx+KkPZ0caVH1ZGjXsFut9yr5730s\nr7W7rncwkJABxjXKKH2QJW47Y7V2QAi4Fse2UEcFApbp51Jxv5c2mnqDWurdB8MC\nAwEAAaNTMFEwHQYDVR0OBBYEFBETr5uvCPDDDzb6Hiz8fonCbmFCMB8GA1UdIwQY\nMBaAFBETr5uvCPDDDzb6Hiz8fonCbmFCMA8GA1UdEwEB/wQFMAMBAf8wDQYJKoZI\nhvcNAQELBQADggEBAKcGB36wg06RxzPW4Jlpw0WeKfH9aPsR9PMnKFeOxJHra142\ntvPHG6xjmeB5+pln6MzUiL6S3V59Ht7dG/moV5pbfihNYm+20plH+R5zfFB57nFN\n5gehVvwM2Y8mtG3Nb3j4nD7U3IVy5zNXwpJ38bp3X7kKMvo5w6MNJ6LeGZLqXyWD\n/K60nWgAfDc01uBsi0PzPbqZY2zjXATcYkJlrK0zoknQrsnxTns2NkozXoaNkNmd\nffezHBa+RmIA0sigIlIX2uwWBLC6lwcPKdyGQReE1NcXbmOqL48W7DjTWWt0ff3Z\nC8CgW03fCPbS9dfclY2J3d36oShxAxhA19/zBoY=\n-----END CERTIFICATE-----"}',
        '2025-10-01 00:00:00', '2025-10-01 00:00:00'),
       ('01JAB9XED0GTXBSQDFVYAJ8WM2', '', NULL, 'ssl-cert', 'self-signed', '*.dev.hivepaas.com', 'active', true, true,
        '{"email": "tiendc.lp@gmail.com", "keyType": "rsa-2048", "certType": "self-signed", "privateKey": "hpsalt:535nUJilSSe3Rg== d6To507CJl41x14fG/Z/HIlLIL8WF6vt3ocCuGACbp6o0PpAndwUZ2dPGYMnnzKzvfT2bVaS2WUjOSxBfm0zDORaC2dxAKw4MqpTwiCY+J/nT/cQuUw8wKc+e6kOB4y0qZ61pWCiGP/5dC0Bu8OOXnsADHbfJeD1mx4xIh3prIK/IkAqF+PDd7WN/MAo5JOVrgPKE8+9wrSAeeK6ZvnlvFLvcZPjAAYkJL3NRv6bE6AJ4CEDN2lhJtU+U+4iPAc2+SwW69R97mGJk7fmitEvARikhEyCpZ6/8SbqIdmP9+2bgEPxSg/Lg0uQhcN4COhwQri00/8aaf6gt/TOggzpIdG5esvYgnb/DZXqjcQFLyauITdq7K+G19+m64Bi53/uXHAr0l3uUDHZ8OQQZLLmGQmx3mAJuxAt11EwkHnTr5P3R7Evm5B1tZTbM4C3LbPGVQbzrUmuFAKSNE6CxYB5LQC9jMR3hSpbjnopkNPz9L2xBIzkoAX4TV9zCBIFh+RSwefnbKhBzfONJ3osuAgTgxxjqwuaJjPT3LkCi3j378cWlOKB6/sDQjXnGM9u4ml3JsEv5zCV1efGWDPYjOtWl92y0qjuLLnhzgGD0wIor6iTXO4kQyCOGzI6vobB7v8ud7+QDPpuZhz029QywaHV8KuNn5QkZJVyI3L8LaD/UPeiR8q0MKB+Q3YvwIqI2K9O27BuYicHHfWa0O/Najh/8Tcrl5wIYzdGXDORP0Hn6UtZHd9SjPr1P1dEcONKL1V+AF//x58EWaS/7zZ+z1C2xgre9SLWwfmyRN3xo1DYw9d6cchuffpV0UKWYL6lSm8aOzJKkEOrgGIxoKiyYbLK15VWdtU/kHkwM/m6IZF7yEWmTe50Sgl8k5MccPah0Fg9chuY8vS2cLkFQ5FiRm1gct5JJiFk1NjB2GKRDHiIkKh8YAqJQ9KmzBTVQtWZluT2OWANI3l0QjtfBaebeQEwYLNTi1+TCeKZE3P8iL+/bAG4eHIQKhxqa8C2NPOTj5yWUQA7dUNGEjpYXPaBUpUMGHE0/TfzCFk2bgjUKtHoTEyhYUj6WKd5inLuClLcY9W24GptjYLfc+ZgVKZCI9+Dnyj1UwHLlTEuNEH+3bn/Yxhoaf5tBoJUk4ek3wT9atPxgpDOwMNPaEbTrB5QVKq9LVgUvUNEamWXZAvD3hgpf88gH4dod8BErz7/pM8a4ZZSEecnCl5g+P/UGkAlJZK8ZxPpGCrdGwdzaByeqaMQ5m+SfDZUyzWU5x10FgcvqBqmimm82HAeTxxCGUtBIZxWDhE8dtLcpE+vLwadGxnb7tBgWtN03F+L23Q2vcoeJTZzn7Kyuo7GiLI/Kbi53FkdZMjBpTLK3RwvxYwUkfuoa/FcJ41JT9ndFtWBprs0/QmiejnnqD3MKrh1aCdkPDlhqUiuKN/Z/gQqCm5r/yYeX91zJegZlNaQvJPM390qDJKtDkqBAAqHZKGa8U3q3KX2ZNvninaLb3edtMbL4y6djbdbjYkc5QwjdXmqHIReAo11SSv1f6by0cNgciO/HeEMck+ZvTjQySDdLbdKClKDTLIiPGxDF3N+EER4QZYYStZops1cG+86YKX+ZrmP2qJ4zrJxypviTP9tlsMXmgAys1/pGF8ekjHya1Ahi7TsNu/ldahgLMrqtNYc3qQSFekuzVhxIMcaNTA1vwjCxa8azO0/FCbCeoMUN5CC7kJNnBHI07AQeFkGjb0G4Wp7fS0yUO9URG1BTPEW56EJcdKSfDA5LRZSHbPvHqHRYf1JkRcKTIKlKBpx2oFu2tbaDq0kvfAkjqWT8SgCzb48s4cYbRUub5u3jlKF15u/yrL+NYEMm3fhlji0yHd0sWndJwU4O9r7Y9JDbcAVEtnxDYBXfv2Xsr1knRFMxslBlywQrMjuair8BR01HWW0SAhodaw97RN6LSupdCQnNwdE4rZTld/UHG1mxk3dlW28T4WAMWbORT40dQvDzXG7bUD0lvvERDJD7AgnyiT9QKd1J58UJkMmcPZ+h8IIAbZuiJYHPSYQqYtkAc+HJ8CxLzInchKVXp3OftqrWgaV2j/KqRrfFSESySbTOKaZ3pzm6oO+RmT4pniu6HAzQwTFwiigOQshY8UJ6dmBcVQvnIVLUQivziaaQVmgTw1aGTHIVTw8XuaUe8Rk1yFFXDAQl5oNoGNojkOQGWJzF5iA7XDx2jp01Bkwsu18ZkC0H/9SoGYYTQPhR9+pBD3hV7UCgp94PXOjn7DpGFyXANLYC5TpeWN7gqqHaETsRG0zwdsr9GOTmNcL0PQR", "certificate": "-----BEGIN CERTIFICATE-----\nMIIDGTCCAgGgAwIBAgIUexjQXi2OTGSlYkmqu7oZTXut0uIwDQYJKoZIhvcNAQEL\nBQAwHDEaMBgGA1UEAwwRKi5zd2FybS5sb2NhbGhvc3QwHhcNMjUxMjA1MjA1OTE0\nWhcNMjYxMjA1MjA1OTE0WjAcMRowGAYDVQQDDBEqLnN3YXJtLmxvY2FsaG9zdDCC\nASIwDQYJKoZIhvcNAQEBBQADggEPADCCAQoCggEBAL44m+yT59wtSW52XzfM2eQ9\nQCB2smruHLCZMf3Ok7XwsiVjul68acIC4E/BN+Tx8rVeZMcfdS9DcZ3eW5KH6KRe\neHoVhhyN518HtowK2UcT0o23PV+P5HjvFO+hPymK6vlfrtmeDb0AxIY7M2t8+8yG\n37O/cuaO0Cc2Xnp/Zbx692QPOGdTS8bOeWOuSw+TETEBenTgQHY+PPl8Nza8w7Ou\nbNr42wRoxa/+bR3VfcTmXrHPvU28bScXirFIx+KkPZ0caVH1ZGjXsFut9yr5730s\nr7W7rncwkJABxjXKKH2QJW47Y7V2QAi4Fse2UEcFApbp51Jxv5c2mnqDWurdB8MC\nAwEAAaNTMFEwHQYDVR0OBBYEFBETr5uvCPDDDzb6Hiz8fonCbmFCMB8GA1UdIwQY\nMBaAFBETr5uvCPDDDzb6Hiz8fonCbmFCMA8GA1UdEwEB/wQFMAMBAf8wDQYJKoZI\nhvcNAQELBQADggEBAKcGB36wg06RxzPW4Jlpw0WeKfH9aPsR9PMnKFeOxJHra142\ntvPHG6xjmeB5+pln6MzUiL6S3V59Ht7dG/moV5pbfihNYm+20plH+R5zfFB57nFN\n5gehVvwM2Y8mtG3Nb3j4nD7U3IVy5zNXwpJ38bp3X7kKMvo5w6MNJ6LeGZLqXyWD\n/K60nWgAfDc01uBsi0PzPbqZY2zjXATcYkJlrK0zoknQrsnxTns2NkozXoaNkNmd\nffezHBa+RmIA0sigIlIX2uwWBLC6lwcPKdyGQReE1NcXbmOqL48W7DjTWWt0ff3Z\nC8CgW03fCPbS9dfclY2J3d36oShxAxhA19/zBoY=\n-----END CERTIFICATE-----"}',
        '2025-10-01 00:00:00', '2025-10-01 00:00:00'),
       ('01JAB9XED0GTXBSQDFVYAJ8WM3', '', NULL, 'ssl-cert', 'letsencrypt', 'localhost', 'active', true, true,
        '{"email": "tiendc.lp@gmail.com", "keyType": "rsa-2048", "certType": "letsencrypt", "privateKey": "hpsalt:JGkeYnCUG7YDUQ== kxoU2tiQGL523+ER/ypYX5jIQdve8Ro3faaLYAt2webvxEyt2DT2YsTi63CW+d4qnOqCnL2Nt8FPxM1cXEsiVtIP4whUfVMb7N3NC1rBiFa+1ldi+mKRKexq/fCyKH3dt0EJ9zmxqY+vzXc65Wh4jyBtqWZyt0rOq7xpw9Q0ceuaKRjPmF6MvMQCjVM6aq2sCQWntZ8psVvWDzw1K/UpD90CK+XK+IVvIcGcr5Qv+rTByqCN9WZb6jtZCUDd5GsYlG9xezzHV/JnqN4hqct24D9n42kOFpQhITvAMQDrAMMQ/CSP0UtSJdYfP0eUDpmmKOi3p3jpOmNUd/5Z3bp0n1M/hz+SXuzplVfrGnSGKCfA5ifa1DaP6yG3l71OG2tLRRQsOS4mGgCdtDxTAShljTWTI6R8xgJMETiZe22VTNK7tLUTFvxGzC02Uf/akWssMahLFz0m0vfHx/+LQT8aBcpBPTJTxchttFyi00YY0JnSzzhNb3sLl4qOTFlazsAclmQDVXuSwYvE5n2LhrUVEfpSxoLa/4PdEI8Qoo4p3wLpmJPiLp0wpuLHhgQry1aacAhOvwQhDBphnWhcK17LNnNqwGkRmpPplNQKDBcTn7hDWTEz9hcE7TnyilXX17GfpuU+E75Olwz7q1Sl86D4MtYY98FXqfO8ANlpDdX4XVnAb5Y8LIUjRvSXTCmWYLD5mutTKDkzfocoC85hNiFehAiUjDKd3nsxljH2I+tjNXyVrovQOS4E82B7BJ+fd+jDPduhKjd2fW8amFdoC5ytp8lf0PRhCqj+pLMn3PHM7rbZYIdKN7S7hHRT46R+lnIrTpCU00BzfQ+oJfPIszV84Je0lwk7B0AGDMUOdyITzxekOWoxQofhHRWMIaAh2Z4krM2LXup839MzNey4zfV7pE3pDiLzrSm3gK/doYEwcvg2LD2H8AKN5z/mimEEmHn7zPmnEy+hci3syMC7Ra+iEDgZppENenAnn2vfyMwvEbKg7ncKJcI1xdOBSOwzjyDVpqxurb5qJArRRRIQiRrj3OhnjJ+APIvT+7FE36j+Lcf7xxSp56H+wN3l2QuAB3r1eUf46aFj6uN8vvSaHC3Hku41QvYTwu0Vt6eQclWPRswykUuIX9R0V8aslUxoA+hkjQVe2YSS4jnnsLLg8jOptA6pGAgEceP6PB2+QX5bKtkJO5MqNtoCUmVFOK8B6XbDyeQFbgmrCnKDCRMWBvnFsXXHcQ2jbTOiYxM2f+txT2TngszpBnjMYeyQekPewQyD8cpmdD4swFVFolV01MzMyF9e8lKiJRyRWZpchKOIItPf5U1M+5MtA8mM8H4aF+AxFJ9YES+f+nj/NY9evRSmCEkbCKI+RauVRz/eVg3AGlLBv3J8A6yzG681jedkjpYFamW4RZnhQFzHH+P74JkAtEWFgpIFBimRrq98kCV+rM2pSfnMDy3ClyqjMY+72YjgwzO2WCV/qtRfkdI/M+1wqsG6cKYgQvh1dSEVQpsNbhhKt8afbQ43yZvuuM5g7RoiMVzHDjG0W1E+uXaahqdFQ3OpyKc6/tXjl//+NqzYC34gfyJm+oPM9budxjxEwlNNQiG9rmAhxUOQTYSpRv4XA28jE2SY0YOzQANgA5iXhwC1JRCzXsScNTOO60H81Z8XDDED7WDKUMVrHSZQrAn/v9+/XRMzBKDI57t9Vmji0QIY+izMZQntQjdRin2mzrWWb0QFOCWyz+wmA89YqC+UI0ujYUkKG9JcSXn3Ujxfn3zMraC7OfcpS+XMXs1LYK9WAbEY2+6FqTmpZ5uRKPrzQ3PjejNUFszHvw5LL3gljzST5OK+nVDXWhgpwEHisHygYjp1sJ9RZtqu4qOocJYbelmNxXAyzGt9A0gmHcsVPYedTpWzA48ggUMmGGmzax3Iy0UQfcdLW80aVEKxqXC3EssnLYMtFvSJEphcoQb+cdZmHBNi/NVDcHPIA1dzZgZsEyo7aLVixJ5BM3v/WtIA2iEiHol6sOAfVUT4B8VZxTS++NFbq9SEz0XEZiX8bK19xGpZ4tdSEIiaDazu4runsu/FW0Rg5+RtubM3P/67NNEcnPulYr2zkeLJpOlkVfD6fHNRfziNlKP6ibENAvC9roWD/k9WWoMeoSXnKjpzJ6Qcm4K86vyi07bdtD3kexwSBXVHzgoBHQ/7+yAu0WXp8PNOmucX1/KtVqHJs6pCvsfdCPUs3sZsYrCpspw5hy+FVHQRA7rM0uos4zsh5Ug3Z+JqTnKEOf0F/klFPYH2zMiGDYxs+BL7vD83PpBHDHzqY1AC", "certificate": "-----BEGIN CERTIFICATE-----\nMIIDGTCCAgGgAwIBAgIUexjQXi2OTGSlYkmqu7oZTXut0uIwDQYJKoZIhvcNAQEL\nBQAwHDEaMBgGA1UEAwwRKi5zd2FybS5sb2NhbGhvc3QwHhcNMjUxMjA1MjA1OTE0\nWhcNMjYxMjA1MjA1OTE0WjAcMRowGAYDVQQDDBEqLnN3YXJtLmxvY2FsaG9zdDCC\nASIwDQYJKoZIhvcNAQEBBQADggEPADCCAQoCggEBAL44m+yT59wtSW52XzfM2eQ9\nQCB2smruHLCZMf3Ok7XwsiVjul68acIC4E/BN+Tx8rVeZMcfdS9DcZ3eW5KH6KRe\neHoVhhyN518HtowK2UcT0o23PV+P5HjvFO+hPymK6vlfrtmeDb0AxIY7M2t8+8yG\n37O/cuaO0Cc2Xnp/Zbx692QPOGdTS8bOeWOuSw+TETEBenTgQHY+PPl8Nza8w7Ou\nbNr42wRoxa/+bR3VfcTmXrHPvU28bScXirFIx+KkPZ0caVH1ZGjXsFut9yr5730s\nr7W7rncwkJABxjXKKH2QJW47Y7V2QAi4Fse2UEcFApbp51Jxv5c2mnqDWurdB8MC\nAwEAAaNTMFEwHQYDVR0OBBYEFBETr5uvCPDDDzb6Hiz8fonCbmFCMB8GA1UdIwQY\nMBaAFBETr5uvCPDDDzb6Hiz8fonCbmFCMA8GA1UdEwEB/wQFMAMBAf8wDQYJKoZI\nhvcNAQELBQADggEBAKcGB36wg06RxzPW4Jlpw0WeKfH9aPsR9PMnKFeOxJHra142\ntvPHG6xjmeB5+pln6MzUiL6S3V59Ht7dG/moV5pbfihNYm+20plH+R5zfFB57nFN\n5gehVvwM2Y8mtG3Nb3j4nD7U3IVy5zNXwpJ38bp3X7kKMvo5w6MNJ6LeGZLqXyWD\n/K60nWgAfDc01uBsi0PzPbqZY2zjXATcYkJlrK0zoknQrsnxTns2NkozXoaNkNmd\nffezHBa+RmIA0sigIlIX2uwWBLC6lwcPKdyGQReE1NcXbmOqL48W7DjTWWt0ff3Z\nC8CgW03fCPbS9dfclY2J3d36oShxAxhA19/zBoY=\n-----END CERTIFICATE-----"}',
        '2025-10-01 00:00:00', '2025-10-01 00:00:00'),
       ('01JAB9XED0GTXBSQDFVYAJ8WM4', '', NULL, 'ssl-cert', 'self-signed', 'dev.hivepaas.com', 'active', true, true,
        '{"email": "tiendc.lp@gmail.com", "keyType": "rsa-2048", "certType": "self-signed", "privateKey": "hpsalt:JGkeYnCUG7YDUQ== kxoU2tiQGL523+ER/ypYX5jIQdve8Ro3faaLYAt2webvxEyt2DT2YsTi63CW+d4qnOqCnL2Nt8FPxM1cXEsiVtIP4whUfVMb7N3NC1rBiFa+1ldi+mKRKexq/fCyKH3dt0EJ9zmxqY+vzXc65Wh4jyBtqWZyt0rOq7xpw9Q0ceuaKRjPmF6MvMQCjVM6aq2sCQWntZ8psVvWDzw1K/UpD90CK+XK+IVvIcGcr5Qv+rTByqCN9WZb6jtZCUDd5GsYlG9xezzHV/JnqN4hqct24D9n42kOFpQhITvAMQDrAMMQ/CSP0UtSJdYfP0eUDpmmKOi3p3jpOmNUd/5Z3bp0n1M/hz+SXuzplVfrGnSGKCfA5ifa1DaP6yG3l71OG2tLRRQsOS4mGgCdtDxTAShljTWTI6R8xgJMETiZe22VTNK7tLUTFvxGzC02Uf/akWssMahLFz0m0vfHx/+LQT8aBcpBPTJTxchttFyi00YY0JnSzzhNb3sLl4qOTFlazsAclmQDVXuSwYvE5n2LhrUVEfpSxoLa/4PdEI8Qoo4p3wLpmJPiLp0wpuLHhgQry1aacAhOvwQhDBphnWhcK17LNnNqwGkRmpPplNQKDBcTn7hDWTEz9hcE7TnyilXX17GfpuU+E75Olwz7q1Sl86D4MtYY98FXqfO8ANlpDdX4XVnAb5Y8LIUjRvSXTCmWYLD5mutTKDkzfocoC85hNiFehAiUjDKd3nsxljH2I+tjNXyVrovQOS4E82B7BJ+fd+jDPduhKjd2fW8amFdoC5ytp8lf0PRhCqj+pLMn3PHM7rbZYIdKN7S7hHRT46R+lnIrTpCU00BzfQ+oJfPIszV84Je0lwk7B0AGDMUOdyITzxekOWoxQofhHRWMIaAh2Z4krM2LXup839MzNey4zfV7pE3pDiLzrSm3gK/doYEwcvg2LD2H8AKN5z/mimEEmHn7zPmnEy+hci3syMC7Ra+iEDgZppENenAnn2vfyMwvEbKg7ncKJcI1xdOBSOwzjyDVpqxurb5qJArRRRIQiRrj3OhnjJ+APIvT+7FE36j+Lcf7xxSp56H+wN3l2QuAB3r1eUf46aFj6uN8vvSaHC3Hku41QvYTwu0Vt6eQclWPRswykUuIX9R0V8aslUxoA+hkjQVe2YSS4jnnsLLg8jOptA6pGAgEceP6PB2+QX5bKtkJO5MqNtoCUmVFOK8B6XbDyeQFbgmrCnKDCRMWBvnFsXXHcQ2jbTOiYxM2f+txT2TngszpBnjMYeyQekPewQyD8cpmdD4swFVFolV01MzMyF9e8lKiJRyRWZpchKOIItPf5U1M+5MtA8mM8H4aF+AxFJ9YES+f+nj/NY9evRSmCEkbCKI+RauVRz/eVg3AGlLBv3J8A6yzG681jedkjpYFamW4RZnhQFzHH+P74JkAtEWFgpIFBimRrq98kCV+rM2pSfnMDy3ClyqjMY+72YjgwzO2WCV/qtRfkdI/M+1wqsG6cKYgQvh1dSEVQpsNbhhKt8afbQ43yZvuuM5g7RoiMVzHDjG0W1E+uXaahqdFQ3OpyKc6/tXjl//+NqzYC34gfyJm+oPM9budxjxEwlNNQiG9rmAhxUOQTYSpRv4XA28jE2SY0YOzQANgA5iXhwC1JRCzXsScNTOO60H81Z8XDDED7WDKUMVrHSZQrAn/v9+/XRMzBKDI57t9Vmji0QIY+izMZQntQjdRin2mzrWWb0QFOCWyz+wmA89YqC+UI0ujYUkKG9JcSXn3Ujxfn3zMraC7OfcpS+XMXs1LYK9WAbEY2+6FqTmpZ5uRKPrzQ3PjejNUFszHvw5LL3gljzST5OK+nVDXWhgpwEHisHygYjp1sJ9RZtqu4qOocJYbelmNxXAyzGt9A0gmHcsVPYedTpWzA48ggUMmGGmzax3Iy0UQfcdLW80aVEKxqXC3EssnLYMtFvSJEphcoQb+cdZmHBNi/NVDcHPIA1dzZgZsEyo7aLVixJ5BM3v/WtIA2iEiHol6sOAfVUT4B8VZxTS++NFbq9SEz0XEZiX8bK19xGpZ4tdSEIiaDazu4runsu/FW0Rg5+RtubM3P/67NNEcnPulYr2zkeLJpOlkVfD6fHNRfziNlKP6ibENAvC9roWD/k9WWoMeoSXnKjpzJ6Qcm4K86vyi07bdtD3kexwSBXVHzgoBHQ/7+yAu0WXp8PNOmucX1/KtVqHJs6pCvsfdCPUs3sZsYrCpspw5hy+FVHQRA7rM0uos4zsh5Ug3Z+JqTnKEOf0F/klFPYH2zMiGDYxs+BL7vD83PpBHDHzqY1AC", "certificate": "-----BEGIN CERTIFICATE-----\nMIIDGTCCAgGgAwIBAgIUexjQXi2OTGSlYkmqu7oZTXut0uIwDQYJKoZIhvcNAQEL\nBQAwHDEaMBgGA1UEAwwRKi5zd2FybS5sb2NhbGhvc3QwHhcNMjUxMjA1MjA1OTE0\nWhcNMjYxMjA1MjA1OTE0WjAcMRowGAYDVQQDDBEqLnN3YXJtLmxvY2FsaG9zdDCC\nASIwDQYJKoZIhvcNAQEBBQADggEPADCCAQoCggEBAL44m+yT59wtSW52XzfM2eQ9\nQCB2smruHLCZMf3Ok7XwsiVjul68acIC4E/BN+Tx8rVeZMcfdS9DcZ3eW5KH6KRe\neHoVhhyN518HtowK2UcT0o23PV+P5HjvFO+hPymK6vlfrtmeDb0AxIY7M2t8+8yG\n37O/cuaO0Cc2Xnp/Zbx692QPOGdTS8bOeWOuSw+TETEBenTgQHY+PPl8Nza8w7Ou\nbNr42wRoxa/+bR3VfcTmXrHPvU28bScXirFIx+KkPZ0caVH1ZGjXsFut9yr5730s\nr7W7rncwkJABxjXKKH2QJW47Y7V2QAi4Fse2UEcFApbp51Jxv5c2mnqDWurdB8MC\nAwEAAaNTMFEwHQYDVR0OBBYEFBETr5uvCPDDDzb6Hiz8fonCbmFCMB8GA1UdIwQY\nMBaAFBETr5uvCPDDDzb6Hiz8fonCbmFCMA8GA1UdEwEB/wQFMAMBAf8wDQYJKoZI\nhvcNAQELBQADggEBAKcGB36wg06RxzPW4Jlpw0WeKfH9aPsR9PMnKFeOxJHra142\ntvPHG6xjmeB5+pln6MzUiL6S3V59Ht7dG/moV5pbfihNYm+20plH+R5zfFB57nFN\n5gehVvwM2Y8mtG3Nb3j4nD7U3IVy5zNXwpJ38bp3X7kKMvo5w6MNJ6LeGZLqXyWD\n/K60nWgAfDc01uBsi0PzPbqZY2zjXATcYkJlrK0zoknQrsnxTns2NkozXoaNkNmd\nffezHBa+RmIA0sigIlIX2uwWBLC6lwcPKdyGQReE1NcXbmOqL48W7DjTWWt0ff3Z\nC8CgW03fCPbS9dfclY2J3d36oShxAxhA19/zBoY=\n-----END CERTIFICATE-----"}',
        '2025-10-01 00:00:00', '2025-10-01 00:00:00'),
       ('01JAB9XED0GTXBSQDFVYAJ8WN1', '', NULL, 'email', 'smtp', 'email smtp 1', 'active', true, true,
        '{"smtp": {"ssl": false, "host": "smtp.gmail.com", "port": 587, "password": "hpsalt:Bnvmb4ScpDv18A== IXTdgLe3cdeElq/lpsF1eUTXsQmGmpbQ0UhyO9T/pNkdapbmGHfOOpHx0GV3EFk=", "username": "localpaas.dev@gmail.com", "displayName": "HivePaaS App"}}',
        '2025-10-01 00:00:00', '2025-10-01 00:00:00'),
       ('01JAB9XED0GTXBSQDFVYAJ8WO1', '', NULL, 'repo-webhook', 'github', 'github wh', 'active', true, true,
        '{"kind": "github", "secret": "abc123"}',
        '2025-10-01 00:00:00', '2025-10-01 00:00:00'),
        ('01JAB9XED0GTXBSQDFVYAJ8WO2', '', NULL, 'repo-webhook', 'gitlab', 'gitlab wh', 'active', true, true,
         '{"kind": "gitlab", "secret": "abc123"}',
        '2025-10-01 00:00:00', '2025-10-01 00:00:00'),
        ('01JAB9XED0GTXBSQDFVYAJ8WO3', '', NULL, 'repo-webhook', 'gitea', 'gitea wh', 'active', true, true,
         '{"kind": "gitea", "secret": "abc123"}',
         '2025-10-01 00:00:00', '2025-10-01 00:00:00'),
       ('01JAB9XED0GTXBSQDFVYAJ8WP1', '', NULL, 'notification', NULL, 'notification 1', 'active', true, false,
        '{"viaEmail": {"enabled": true, "sender": {"id": "01JAB9XED0GTXBSQDFVYAJ8WN1"}, "toAllAdmins": true}, "viaSlack": {"enabled": true, "webhook": {"id": "01JAB9XED0GTXBSQDFVYAJ8WH1"}}, "viaDiscord": {"enabled": true, "webhook": {"id": "01JAB9XED0GTXBSQDFVYAJ8WI1"}}, "viaTelegram": {"enabled": true, "setting": {"id": "01JAB9XED0GTXBSQDFVYAJ8WI3"}}, "minSendInterval": "30s"}',
        '2025-10-01 00:00:00', '2025-10-01 00:00:00'),
       ('01JAB9XED0GTXBSQDFVYAJ8WP2', '', NULL, 'notification', NULL, 'notification tiendc@ only', 'active', true, true,
        '{"viaEmail": {"enabled": true, "sender": {"id": "01JAB9XED0GTXBSQDFVYAJ8WN1"}, "toAddresses": ["tiendc@gmail.com"]}, "viaSlack": {"enabled": true, "webhook": {"id": "01JAB9XED0GTXBSQDFVYAJ8WH1"}}, "viaDiscord": {"enabled": true, "webhook": {"id": "01JAB9XED0GTXBSQDFVYAJ8WI1"}}, "viaTelegram": {"enabled": true, "setting": {"id": "01JAB9XED0GTXBSQDFVYAJ8WI3"}}, "minSendInterval": "30s"}',
        '2025-10-01 00:00:00', '2025-10-01 00:00:00'),
       ('01JAB9XED0GTXBSQDFVYAJ8WQ1', 'user', '01JAB9XED0GTXBSQDFVYAJ8WA1', 'api-key', 'd73a0d105f9ae3a57483f92047ded9f1', 'my api key', 'active', false, false,
        '{"keyId": "d73a0d105f9ae3a57483f92047ded9f1", "secretKey": "hpsalt:656c8553d103b455905b e86c9afa080ff64c0c871c32b6bfc71d1a047176eeaaf6985f7121ec3375e2f6", "accessAction": {"read": true, "write": true, "delete": false}}',
        '2025-10-01 00:00:00', '2025-10-01 00:00:00'),
       ('01JAB9XED0GTXBSQDFVYAJ8WR1', '', NULL, 'cloud-storage', 'aws-s3', 'my cloud storage (s3)', 'active', true, true,
        '{"s3": {"secretKey": "hpsalt:HIx2ZGU2ub+0Jg== u6pTNbPq9T5oTeZPN1nnofaFcm6vN1u30OFVsF+fEsSiksyesKjnEeNOg2L4vnMpkUnsoYCiuru5xBEgXQl3Jt4y6Y40evvLVKnyj14lgWO8RWrAKfhhc2vAOEg=", "accessKeyId": "e74c319305880f8ce70dedb4463b4e8a", "bucket": "localpaas-dev", "region": "apac", "endpoint": "https://2d8acc928b0d56d7301b169067ba96af.r2.cloudflarestorage.com"}}',
        '2025-10-01 00:00:00', '2025-10-01 00:00:00'),
       ('01JAB9XED0GTXBSQDFVYAJXXX1', 'project', '01JAB9XED0GTXBSQDFVYAJ8WB1', 'project-envs', NULL, 'Project Envs', 'active', false, false,
        '{"envs":[{"name":"development","color":"#008000"},{"name":"staging","color":"#d19fe8"},{"name":"production","color":"#ed9121"},{"name":"more-env","color":"#12345678"}]}',
        '2025-10-01 00:00:00', '2025-10-01 00:00:00')
ON CONFLICT DO NOTHING;
